Onset (s),Offset (s)
0.0,0.011609977324263039
0.0,0.011609977324263039
0.0,0.011609977324263039
0.0,0.011609977324263039
0.0,0.011609977324263039
0.0,0.011609977324263039
0.0,0.011609977324263039
0.0,0.011609977324263039
0.0,0.011609977324263039
0.0,0.011609977324263039
0.0,0.011609977324263039
0.0,0.011609977324263039
0.0,0.011609977324263039
0.0,0.011609977324263039
0.0,0.011609977324263039
